created_at,entry_id,temperature,humidity
2024-12-03 15:59:41 UTC,1,24.128079733564338,55.14027346798287
